Type,Address
Potential Address,7273 or the Executive Director
Potential Address,"303 Melrose Avenue, Syracuse, NY 13219-1152"
Potential Address,6776 or E
Potential Address,"2225 North Bolton Avenue, Alexandria, LA 71303-4408"
Potential Address,1152 by the end of September
Potential Address,"Dedicated June 12, 1981 at St"
Potential Address,"432 Gifford Street, Syracuse, NY"
Potential Address,2006 it happened
Potential Address,3908 or Fax
Potential Address,"432 Gifford Street, Syracuse, New York 13204"
Potential Address,UsPu87AQ
Potential Address,1979 to expedite the Canonization of a Native American woman born in the mid 1600
Potential Address,2006 in Fonda
URL,https://katerisyracuse.com
